Date,EG,VOL,L_REER,L_WPI,L_CPI,L_IPI,,,,,,,,,
Jan-06,10.187,0.095389019,4.549065335,4.416693727,4.493120682,4.399547248,,,,EG,VOL,L_REER,L_WPI,L_CPI,L_IPI
Feb-06,15.164,0.084161662,4.55950314,4.420874682,4.494238625,4.31756811,,,,,,,,,
Mar-06,9.454,0.078389405,4.579524119,4.426725106,4.508659286,4.432993001,,,Mean,6.435409283,0.169540382,4.506640478,4.532298324,4.719856067,4.622060711
Apr-06,4.801,0.089599,4.579236804,4.423792184,4.508659286,4.411148448,,,Standard Error,0.880505749,0.003699199,0.005236616,0.005190012,0.007551043,0.011186057
May-06,12.415,0.127756327,4.574112862,4.430531044,4.510859507,4.370965687,,,Median,5.124,0.167069261,4.491049187,4.528127141,4.737075257,4.615407604
Jun-06,9.849,0.166478015,4.569418648,4.435188183,4.511957804,4.412107145,,,Mode,#N/A,#N/A,#N/A,4.48081938,4.599152114,4.441426978
Jul-06,15.472,0.152591348,4.565639025,4.43345617,4.514150788,4.445142269,,,Standard Deviation,13.5552137,0.056948442,0.080616681,0.079899215,0.116246834,0.172207155
Aug-06,14.254,0.13018792,4.557470427,4.436242529,4.513054897,4.452543345,,,Sample Variance,183.7438185,0.003243125,0.006499049,0.006383884,0.013513326,0.029655304
Sep-06,10.629,0.101356884,4.562888794,4.438761348,4.515245478,4.437686009,,,Kurtosis,1.801978502,0.248073009,-1.433331562,-0.759386559,-1.091137559,-1.206567449
Oct-06,-3.435,0.101882127,4.565326879,4.438844018,4.515245478,4.420706336,,,Skewness,0.405874228,0.726742748,-0.11040629,-0.219179548,-0.212930263,0.103401733
Nov-06,17.432,0.117323424,4.565566199,4.447919707,4.518522379,4.441426978,,,Range,93.153,0.26690073,0.293200843,0.329092682,0.413634482,0.660174593
Dec-06,5.42,0.11109735,4.580067739,4.454789059,4.519612298,4.463537495,,,Minimum,-30.421,0.078389405,4.345868228,4.339014744,4.493120682,4.288663309
Jan-07,11.07,0.11091173,4.60434985,4.454847171,4.525044142,4.426402307,,,Maximum,62.732,0.345290135,4.639069071,4.668107426,4.906755164,4.948837902
Feb-07,-3.571,0.089052004,4.602396342,4.457574641,4.525044142,4.324913808,,,Sum,1525.192,40.18107044,1068.073793,1074.154703,1118.605888,1095.428388
Mar-07,-5.125,0.114348106,4.596714538,4.462834434,4.523960131,4.448843808,,,Count,237,237,237,237,237,237
Apr-07,0.149,0.11865087,4.601423175,4.4605374,4.523960131,4.414021787,,,,,,,,,
May-07,3.023,0.090813441,4.605240184,4.469590984,4.525044142,4.441426978,,,,,,,,,
Jun-07,-0.079,0.106295878,4.590898833,4.470083298,4.527208645,4.427346499,,,,,,,,,
Jul-07,-0.344,0.151857942,4.579472819,4.474070121,4.53044664,4.457145703,,,,,,,,,
Aug-07,0.849,0.173893375,4.567406012,4.478506585,4.532599493,4.457145703,,,,,,,,,
Sep-07,1.889,0.173402168,4.560559774,4.477325451,4.533674184,4.449778737,,,,,,,,,
Oct-07,13.996,0.166193712,4.574020018,4.485812161,4.534747722,4.454382179,,,,,,,,,
Nov-07,6.083,0.166483955,4.5673437,4.485316258,4.541164856,4.466275867,,,,,,,,,
Dec-07,3.452,0.163666003,4.577994242,4.489647095,4.543294782,4.511595499,,,,,,,,,
Jan-08,10.835,0.162721646,4.587962988,4.496325831,4.547541073,4.519383513,,,,,,,,,
Feb-08,15.579,0.167719887,4.591659324,4.496515361,4.550714,4.419755851,,,,,,,,,
Mar-08,6.163,0.171442904,4.581072147,4.490981931,4.550714,4.479822359,,,,,,,,,
Apr-08,21.264,0.181854026,4.584150819,4.495009278,4.553876892,4.459890046,,,,,,,,,
May-08,23.076,0.183614665,4.574081915,4.481442013,4.562262685,4.466275867,,,,,,,,,
Jun-08,18.975,0.180243744,4.593937333,4.480513581,4.601162165,4.449778737,,,,,,,,,
Jul-08,25.975,0.142770687,4.595877139,4.476961744,4.6121458,4.503746356,,,,,,,,,
Aug-08,11.342,0.191603707,4.592307819,4.468353402,4.614129927,4.475323425,,,,,,,,,
Sep-08,16.075,0.191582227,4.575216006,4.458779321,4.6121458,4.440484204,,,,,,,,,
Oct-08,-3.542,0.211413463,4.58131797,4.444696223,4.608165695,4.428289799,,,,,,,,,
Nov-08,-5.776,0.19589614,4.569004003,4.412871018,4.596129441,4.387822307,,,,,,,,,
Dec-08,-17.03,0.19453439,4.567021698,4.378558126,4.587006215,4.339471368,,,,,,,,,
Jan-09,-30.421,0.190369384,4.564046062,4.348818808,4.585987367,4.325972023,,,,,,,,,
Feb-09,-18.638,0.188405226,4.564868889,4.346036697,4.588024027,4.288663309,,,,,,,,,
Mar-09,-17.91,0.179756366,4.561270544,4.339014744,4.585987367,4.344623269,,,,,,,,,
Apr-09,-26.123,0.203078656,4.561563067,4.342492873,4.58394655,4.336375289,,,,,,,,,
May-09,-29.54,0.225642935,4.562419249,4.351180755,4.585987367,4.348715426,,,,,,,,,
Jun-09,-22.364,0.231139782,4.551959265,4.356696006,4.587006215,4.348715426,,,,,,,,,
Jul-09,-22.308,0.187940735,4.538891485,4.366786085,4.588024027,4.420706336,,,,,,,,,
Aug-09,-19.477,0.221217909,4.53853881,4.372266661,4.589040804,4.401498325,,,,,,,,,
Sep-09,-23.949,0.194659802,4.536869932,4.383787583,4.592084946,4.376951277,,,,,,,,,
Oct-09,3.53,0.187141265,4.553044967,4.387971429,4.593097605,4.437686009,,,,,,,,,
Nov-09,-2.385,0.212078831,4.553181913,4.395103262,4.59511985,4.384860117,,,,,,,,,
Dec-09,21.585,0.181201636,4.551801054,4.400185755,4.597138014,4.412107145,,,,,,,,,
Jan-10,41.955,0.170190975,4.563639607,4.412070756,4.599152114,4.448843808,,,,,,,,,
Feb-10,21.284,0.196955123,4.558958694,4.414457522,4.599152114,4.335341129,,,,,,,,,
Mar-10,39.766,0.199065421,4.582924577,4.427262872,4.599152114,4.476222558,,,,,,,,,
Apr-10,26.019,0.203092464,4.616426594,4.43374109,4.599152114,4.428289799,,,,,,,,,
May-10,21.319,0.261195609,4.61639693,4.443862288,4.601162165,4.470804159,,,,,,,,,
Jun-10,16.346,0.299706763,4.618767324,4.43946973,4.602165677,4.436751534,,,,,,,,,
Jul-10,12.202,0.27860775,4.619911004,4.441332741,4.605170186,4.449778737,,,,,,,,,
Aug-10,9.328,0.207049417,4.627919448,4.444872318,4.608165695,4.441426978,,,,,,,,,
Sep-10,5.322,0.16136087,4.632211258,4.448563158,4.609162207,4.432993001,,,,,,,,,
Oct-10,0.395,0.189580837,4.60878365,4.455404876,4.611152258,4.463537495,,,,,,,,,
Nov-10,5.096,0.200151751,4.603949441,4.461057292,4.613138356,4.426402307,,,,,,,,,
Dec-10,4.628,0.189661388,4.609042678,4.464838581,4.617098757,4.45530033,,,,,,,,,
Jan-11,4.104,0.168135835,4.623599321,4.474366498,4.623010104,4.453463185,,,,,,,,,
Feb-11,7.36,0.16781749,4.624933597,4.472347114,4.627909673,4.378934359,,,,,,,,,
Mar-11,5.124,0.16964744,4.618915288,4.472369955,4.628886713,4.495835116,,,,,,,,,
Apr-11,12.369,0.136441849,4.615407604,4.467309435,4.630837933,4.425445255,,,,,,,,,
May-11,5.861,0.19153799,4.609829315,4.471935892,4.633757643,4.417852168,,,,,,,,,
Jun-11,11.868,0.197967578,4.601864729,4.473556953,4.636668853,4.442357096,,,,,,,,,
Jul-11,7.82,0.180189061,4.607148228,4.478654128,4.638604962,4.447919707,,,,,,,,,
Aug-11,11.038,0.161097121,4.605839962,4.482075569,4.64053733,4.476222558,,,,,,,,,
Sep-11,16.641,0.220330985,4.58992456,4.47945956,4.643428898,4.460803156,,,,,,,,,
Oct-11,15.378,0.274861574,4.579811352,4.475562514,4.644390899,4.490522231,,,,,,,,,
Nov-11,7.948,0.235029469,4.578600312,4.47698448,4.645351976,4.449112689,,,,,,,,,
Dec-11,6.115,0.23874708,4.583783104,4.48081938,4.646312129,4.489579745,,,,,,,,,
Jan-12,0.788,0.20827399,4.59544303,4.480660829,4.649187071,4.47817737,,,,,,,,,
Feb-12,13.754,0.213927276,4.614615439,4.490398861,4.649187071,4.462776784,,,,,,,,,
Mar-12,-0.759,0.199368477,4.611827974,4.486116343,4.649187071,4.52937926,,,,,,,,,
Apr-12,-0.753,0.163260793,4.604840132,4.483770619,4.649187071,4.450094078,,,,,,,,,
May-12,6.461,0.17179135,4.600810697,4.48791701,4.651099118,4.476268062,,,,,,,,,
Jun-12,3.403,0.193020047,4.585671313,4.485135868,4.652053772,4.487692104,,,,,,,,,
Jul-12,-2.691,0.160794808,4.58670067,4.486093814,4.652053772,4.45401003,,,,,,,,,
Aug-12,-5.04,0.169025834,4.596391768,4.48631908,4.65396035,4.482946053,,,,,,,,,
Sep-12,2.124,0.170379092,4.597823263,4.480943937,4.6558633,4.516590307,,,,,,,,,
Oct-12,-3.342,0.16580399,4.601413137,4.48081938,4.657762636,4.555349491,,,,,,,,,
Nov-12,2.633,0.139304931,4.605000172,4.482154735,4.658710953,4.54111155,,,,,,,,,
Dec-12,-5.392,0.139056551,4.602927673,4.484549378,4.658710953,4.523916746,,,,,,,,,
Jan-13,3.568,0.144601382,4.61204649,4.484064135,4.662495253,4.511990735,,,,,,,,,
Feb-13,-7.843,0.183101761,4.595907419,4.483228515,4.664382046,4.418153625,,,,,,,,,
Mar-13,-3.153,0.166371453,4.603098041,4.490084759,4.665324109,4.538410533,,,,,,,,,
Apr-13,-3.524,0.174059011,4.622341904,4.492102267,4.666265285,4.511068276,,,,,,,,,
May-13,-5.556,0.160935945,4.639069071,4.492717917,4.669083512,4.532997263,,,,,,,,,
Jun-13,-7.223,0.238933433,4.596220255,4.491911898,4.670021158,4.523916746,,,,,,,,,
Jul-13,4.441,0.203631588,4.589213553,4.493612731,4.671893818,4.556242512,,,,,,,,,
Aug-13,12.804,0.192018406,4.558728263,4.497417923,4.672828834,4.519350826,,,,,,,,,
Sep-13,5.574,0.239242625,4.574381027,4.501486042,4.681204872,4.538410533,,,,,,,,,
Oct-13,9.74,0.289764196,4.587138589,4.502672236,4.684905154,4.576348812,,,,,,,,,
Nov-13,7.016,0.228794292,4.585589734,4.507700677,4.687671407,4.555349491,,,,,,,,,
Dec-13,14.662,0.181696679,4.576708981,4.508229678,4.69043003,4.574618191,,,,,,,,,
Jan-14,12.217,0.206174696,4.56856844,4.507568382,4.695924549,4.54111155,,,,,,,,,
Feb-14,12.257,0.190959616,4.567187906,4.512616204,4.698660529,4.483894809,,,,,,,,,
Mar-14,8.066,0.169373762,4.57239903,4.513252246,4.699570861,4.582392738,,,,,,,,,
Apr-14,18.556,0.163738297,4.574824374,4.517998796,4.699570861,4.558885381,,,,,,,,,
May-14,16.339,0.1517174,4.580836509,4.516032915,4.700480366,4.591821487,,,,,,,,,
Jun-14,8.038,0.136956431,4.58614026,4.517464022,4.702296897,4.589254196,,,,,,,,,
Jul-14,0.714,0.141970763,4.597410155,4.520494262,4.703203926,4.562398375,,,,,,,,,
Aug-14,1.742,0.16407025,4.602897606,4.513328982,4.705015521,4.583251722,,,,,,,,,
Sep-14,1.927,0.215853681,4.603959453,4.521505928,4.70682384,4.592672413,,,,,,,,,
Oct-14,-3.285,0.198244576,4.600459106,4.521038296,4.712229258,4.627821693,,,,,,,,,
Nov-14,1.895,0.174174451,4.594008121,4.523016084,4.717605615,4.603679075,,,,,,,,,
Dec-14,2.19,0.144781084,4.56509791,4.528321539,4.716711561,4.64574575,,,,,,,,,
Jan-15,-1.689,0.225350323,4.538463984,4.52403605,4.705920089,4.615407604,,,,,,,,,
Feb-15,-10.952,0.265077385,4.533061752,4.525304129,4.699570861,4.508791435,,,,,,,,,
Mar-15,0.952,0.254241272,4.530532843,4.525347454,4.708628894,4.621633912,,,,,,,,,
Apr-15,-9.292,0.315735943,4.544793658,4.525011638,4.717605615,4.57513357,,,,,,,,,
May-15,-6.689,0.295369536,4.55065064,4.523960131,4.721173862,4.611917372,,,,,,,,,
Jun-15,5.078,0.261313871,4.524393876,4.526559785,4.727387819,4.61417948,,,,,,,,,
Jul-15,3.695,0.217337978,4.523081219,4.529206647,4.73532087,4.609361391,,,,,,,,,
Aug-15,4.199,0.271247879,4.471604507,4.525650675,4.73532087,4.587067313,,,,,,,,,
Sep-15,8.759,0.315723998,4.418153625,4.529799879,4.732683506,4.620364171,,,,,,,,,
Oct-15,16.549,0.337002305,4.424523226,4.531092983,4.737075257,4.650038384,,,,,,,,,
Nov-15,6.247,0.304138143,4.426976099,4.528127141,4.743191484,4.600599757,,,,,,,,,
Dec-15,1.357,0.307493504,4.438607799,4.524935793,4.743191484,4.640411839,,,,,,,,,
Jan-16,-1.78,0.239423117,4.432446423,4.535391291,4.740574823,4.647300125,,,,,,,,,
Feb-16,8.086,0.326304467,4.457945466,4.533523797,4.740574823,4.549963983,,,,,,,,,
Mar-16,1.594,0.310737145,4.466402249,4.532212321,4.734442522,4.647683549,,,,,,,,,
Apr-16,2.119,0.345290135,4.500342861,4.537982826,4.738826571,4.602787349,,,,,,,,,
May-16,-0.71,0.261184588,4.473830675,4.532825274,4.741447804,4.640421493,,,,,,,,,
Jun-16,3.418,0.240511494,4.464712001,4.537897263,4.743191484,4.666575679,,,,,,,,,
Jul-16,-5.136,0.280548968,4.486600591,4.537062637,4.745801316,4.646647965,,,,,,,,,
Aug-16,1.645,0.228606232,4.478063823,4.540684997,4.750135956,4.636009721,,,,,,,,,
Sep-16,-2.808,0.207758514,4.457678949,4.541612517,4.747537427,4.650506774,,,,,,,,,
Oct-16,-8.459,0.253617065,4.451471071,4.544134855,4.751000634,4.692952099,,,,,,,,,
Nov-16,8.004,0.275805458,4.435081502,4.552802631,4.76046307,4.667280762,,,,,,,,,
Dec-16,11.025,0.222545279,4.422484563,4.555801354,4.76046307,4.690889061,,,,,,,,,
Jan-17,13.676,0.135120185,4.427430118,4.551832698,4.771531723,4.684092266,,,,,,,,,
Feb-17,26.91,0.104002736,4.434903674,4.555780342,4.784152842,4.600026982,,,,,,,,,
Mar-17,24.545,0.089266521,4.434132724,4.559607807,4.782479201,4.692118228,,,,,,,,,
Apr-17,21.077,0.094449749,4.431947112,4.56100929,4.780802755,4.642648998,,,,,,,,,
May-17,32.048,0.125342185,4.447802671,4.56610706,4.779123493,4.680778461,,,,,,,,,
Jun-17,9.496,0.133676541,4.447240709,4.568848467,4.776599302,4.696052395,,,,,,,,,
Jul-17,31.099,0.119800148,4.438536922,4.56995743,4.776599302,4.70311326,,,,,,,,,
Aug-17,21.217,0.100304033,4.433266178,4.576925021,4.785823686,4.702442077,,,,,,,,,
Sep-17,14.196,0.090295823,4.446432334,4.576420856,4.788324729,4.695888019,,,,,,,,,
Oct-17,18.069,0.098259804,4.447135306,4.576986738,4.787491743,4.725837946,,,,,,,,,
Nov-17,14.41,0.098408437,4.460699173,4.586456166,4.794136286,4.717087161,,,,,,,,,
Dec-17,4.855,0.106989009,4.477336814,4.589904252,4.794963758,4.718766693,,,,,,,,,
Jan-18,18.409,0.115799364,4.489860339,4.587403285,4.798266816,4.731335768,,,,,,,,,
Feb-18,-1.982,0.153587082,4.48992767,4.586924746,4.798266816,4.623206548,,,,,,,,,
Mar-18,2.37,0.148594151,4.491049187,4.590695938,4.794963758,4.720906684,,,,,,,,,
Apr-18,13.998,0.135079667,4.497796534,4.591902559,4.794963758,4.691219434,,,,,,,,,
May-18,4.603,0.113074991,4.4959132,4.593724938,4.796616651,4.715198789,,,,,,,,,
Jun-18,8.269,0.105748502,4.483375364,4.595816577,4.784152842,4.716738394,,,,,,,,,
Jul-18,9.812,0.092281769,4.487568384,4.594543927,4.785823686,4.729765521,,,,,,,,,
Aug-18,-0.052,0.10417287,4.482753934,4.598759683,4.787491743,4.72154779,,,,,,,,,
Sep-18,7.039,0.111263893,4.475505593,4.593977784,4.791649753,4.721743601,,,,,,,,,
Oct-18,18.641,0.097777608,4.477995688,4.599423707,4.793308128,4.768614687,,,,,,,,,
Nov-18,2.463,0.100137355,4.472712502,4.594311443,4.795790546,4.738459049,,,,,,,,,
Dec-18,5.835,0.092926471,4.472655419,4.592733166,4.796616651,4.753331537,,,,,,,,,
Jan-19,3.71,0.105015548,4.47071265,4.595826671,4.791649753,4.768478804,,,,,,,,,
Feb-19,-4.067,0.116616931,4.478449831,4.592814164,4.794136286,4.64703164,,,,,,,,,
Mar-19,0.968,0.10700846,4.48046827,4.595695442,4.796616651,4.753641914,,,,,,,,,
Apr-19,1.88,0.104843579,4.472415634,4.598034789,4.796616651,4.724472068,,,,,,,,,
May-19,2.192,0.107638561,4.469716948,4.599624839,4.799090879,4.755519364,,,,,,,,,
Jun-19,-2.732,0.113036696,4.468273136,4.592064683,4.799090879,4.747684858,,,,,,,,,
Jul-19,3.805,0.119146517,4.475107058,4.591547821,4.799914263,4.742938839,,,,,,,,,
Aug-19,-0.572,0.10782017,4.472107255,4.590685792,4.802380355,4.743949037,,,,,,,,,
Sep-19,-6.108,0.11505551,4.473214694,4.591000265,4.802380355,4.738564069,,,,,,,,,
Oct-19,-6.447,0.110713626,4.466114994,4.590888689,4.804021045,4.771074379,,,,,,,,,
Nov-19,-5.372,0.104751516,4.465747186,4.589325316,4.804840381,4.761968786,,,,,,,,,
Dec-19,2.753,0.095009474,4.464861594,4.586568238,4.806477043,4.766029739,,,,,,,,,
Jan-20,-2.377,0.137472204,4.47296363,4.570816808,4.80729437,4.775309506,,,,,,,,,
Feb-20,10.226,0.163225022,4.464470304,4.572770954,4.80729437,4.705892964,,,,,,,,,
Mar-20,-6.359,0.207208121,4.437449516,4.532707014,4.794963758,4.701225543,,,,,,,,,
Apr-20,-24.722,0.282043646,4.414445421,4.407925836,4.767289035,4.344480519,,,,,,,,,
May-20,-25.836,0.198994347,4.418274182,4.434785105,4.769836808,4.51392075,,,,,,,,,
Jun-20,8.103,0.142491245,4.426784872,4.492829812,4.779963476,4.749088695,,,,,,,,,
Jul-20,3.25,0.121438079,4.430352405,4.528235145,4.786658062,4.76096808,,,,,,,,,
Aug-20,-0.931,0.112184432,4.434370003,4.544209258,4.788324729,4.743235037,,,,,,,,,
Sep-20,13.598,0.131137795,4.437827878,4.560287876,4.788324729,4.753417762,,,,,,,,,
Oct-20,0.362,0.13850987,4.431090571,4.570620148,4.789157022,4.769514449,,,,,,,,,
Nov-20,4.662,0.115306877,4.427871991,4.578466803,4.787491743,4.739639888,,,,,,,,,
Dec-20,10.889,0.132044788,4.429637532,4.585171539,4.792479284,4.783475355,,,,,,,,,
Jan-21,6.393,0.141564593,4.437201137,4.594180015,4.804840381,4.787833351,,,,,,,,,
Feb-21,17.694,0.124367337,4.437508644,4.586792343,4.80811103,4.721921579,,,,,,,,,
Mar-21,31.159,0.097638561,4.436349087,4.596714538,4.811371017,4.79271972,,,,,,,,,
Apr-21,62.732,0.101980642,4.434417452,4.606149706,4.812997033,4.747277203,,,,,,,,,
May-21,47.112,0.103801542,4.421896176,4.597460543,4.812997033,4.747806255,,,,,,,,,
Jun-21,27.033,0.092285845,4.420237222,4.606629121,4.813809051,4.76171229,,,,,,,,,
Jul-21,4.793,0.098931887,4.408778102,4.60807596,4.80811103,4.705983378,,,,,,,,,
Aug-21,18.111,0.128124019,4.402258092,4.603959453,4.80811103,4.740155521,,,,,,,,,
Sep-21,24.738,0.134371863,4.41494145,4.60063994,4.810557016,4.772987057,,,,,,,,,
Oct-21,25.549,0.105318342,4.421139169,4.611827974,4.817859279,4.823421791,,,,,,,,,
Nov-21,32.99,0.10951628,4.416693727,4.620669449,4.820281566,4.82784963,,,,,,,,,
Dec-21,29.823,0.129544142,4.414142844,4.628212657,4.824305716,4.840993014,,,,,,,,,
Jan-22,23.845,0.12883592,4.418551409,4.628046516,4.827513417,4.833070406,,,,,,,,,
Feb-22,15.873,0.107712334,4.414239678,4.634301712,4.829912459,4.758714968,,,,,,,,,
Mar-22,24.955,0.096493056,4.418479097,4.630067656,4.833102254,4.841040409,,,,,,,,,
Apr-22,20.687,0.113448622,4.412313327,4.628408082,4.835487941,4.789730901,,,,,,,,,
May-22,30.526,0.128341149,4.406450919,4.632318318,4.84103251,4.783542287,,,,,,,,,
Jun-22,36.992,0.12511014,4.405743161,4.635786681,4.847331743,4.87511335,,,,,,,,,
Jul-22,38.302,0.105314665,4.414070211,4.631315402,4.851248709,4.828929548,,,,,,,,,
Aug-22,48.375,0.086761135,4.410273898,4.633514659,4.853591544,4.867226711,,,,,,,,,
Sep-22,30.092,0.099052641,4.416271044,4.638140638,4.854371272,4.877766539,,,,,,,,,
Oct-22,15.276,0.112772849,4.398342799,4.630779451,4.856706812,4.86983181,,,,,,,,,
Nov-22,15.109,0.166507313,4.397912287,4.632074984,4.859812404,4.877439083,,,,,,,,,
Dec-22,5.765,0.215318911,4.419286292,4.627792364,4.861361591,4.868795194,,,,,,,,,
Jan-23,1.446,0.180932985,4.41631936,4.628300603,4.863680881,4.849002247,,,,,,,,,
Feb-23,10.753,0.19729411,4.408765932,4.633524379,4.865994804,4.796765277,,,,,,,,,
Mar-23,-1.326,0.195434663,4.394955199,4.634787239,4.866764924,4.875693383,,,,,,,,,
Apr-23,-17.506,0.186707836,4.398736248,4.627420795,4.86753445,4.761216211,,,,,,,,,
May-23,-0.891,0.173020279,4.384361407,4.633466055,4.86907173,4.828113717,,,,,,,,,
Jun-23,-14.094,0.185682753,4.368320635,4.633806233,4.870606649,4.849198132,,,,,,,,,
Jul-23,-13.073,0.197290195,4.372973276,4.631179005,4.871373227,4.828097714,,,,,,,,,
Aug-23,-18.611,0.194650219,4.38021249,4.631734217,4.872904621,4.860331649,,,,,,,,,
Sep-23,-13.806,0.133917782,4.374271642,4.634476529,4.873669439,4.871112656,,,,,,,,,
Oct-23,-4.414,0.133207088,4.366100484,4.637201657,4.874433673,4.889423888,,,,,,,,,
Nov-23,-6.238,0.156187571,4.366646464,4.636940134,4.874433673,4.882801923,,,,,,,,,
Dec-23,-9.999,0.169249913,4.361428441,4.639465327,4.876722877,4.86753445,,,,,,,,,
Jan-24,8.624,0.206340441,4.359959946,4.632561593,4.878246106,4.888392328,,,,,,,,,
Feb-24,-1.098,0.15493861,4.345868228,4.639397685,4.883559212,4.823654902,,,,,,,,,
Mar-24,-0.599,0.175388039,4.358681239,4.633845103,4.884315927,4.896674943,,,,,,,,,
Apr-24,9.499,0.166524434,4.358962695,4.639648904,4.885827644,4.8181341,,,,,,,,,
May-24,7.182,0.193955649,4.368079829,4.64096195,4.888844237,4.852897076,,,,,,,,,
Jun-24,1.728,0.171655945,4.375417341,4.640740012,4.890349128,4.899666489,,,,,,,,,
Jul-24,12.622,0.145790579,4.37938565,4.641974521,4.891100725,4.884618454,,,,,,,,,
Aug-24,12.08,0.169523247,4.419009268,4.644919606,4.891851758,4.901534459,,,,,,,,,
Sep-24,-0.566,0.189893864,4.44537695,4.643515516,4.891851758,4.893269671,,,,,,,,,
Oct-24,1.642,0.206874908,4.447697327,4.64706041,4.893352133,4.911050658,,,,,,,,,
Nov-24,3.701,0.175637556,4.430757273,4.646264144,4.892602227,4.916551695,,,,,,,,,
Dec-24,17.017,0.159838025,4.430423865,4.650621449,4.893352133,4.912963662,,,,,,,,,
Jan-25,0.354,0.170999534,4.43595832,4.648267989,4.894850261,4.909311066,,,,,,,,,
Feb-25,6.099,0.197000232,4.438229731,4.655406922,4.89858579,4.839008346,,,,,,,,,
Mar-25,6.464,0.195832896,4.430280941,4.657705708,4.89858579,4.928115632,,,,,,,,,
Apr-25,15.93,0.178168448,4.427645108,4.6588626,4.900076104,4.844934838,,,,,,,,,
May-25,-1.157,0.241448204,4.446584687,4.661002165,4.900820428,4.855866646,,,,,,,,,
Jun-25,-3.596,0.21480161,4.442463003,4.66379752,4.901564199,4.927956337,,,,,,,,,
Jul-25,6.509,0.160539188,4.442710078,4.668107426,4.903050083,4.925418669,,,,,,,,,
Aug-25,1.723,0.151317643,4.448539767,4.66676375,4.904533763,4.948837902,,,,,,,,,
Sep-25,12.175,0.167069261,4.448574854,4.66676375,4.906755164,4.94860385,,,,,,,,,
